Workbook

Sheet trades-wicks-5min-0101-0819
I1: 287.77 | J1: =100* COUNTIF(L8:L500, "TRUE")/COUNT(L8:L500) -> 51.980198 | K1: 400 | P1: position size | W1: compund win | Z1: account
E2: FTSE | F2: cac | G2: DAX | H2: Hangseng | I2: Nikkei | M2: Account | N2: ftse | O2: cac | P2: DAX | Q2: Hangseng | R2: Nikkei | U2: ftse | V2: cac | W2: dax | X2: hangseng | Y2: nikkei
D3: pos | E3: 0.8 | F3: 1 | G3: 0.37 | H3: 0.2 | I3: 0.15 | N3: 0.8 | O3: 1 | P3: 0.3 | Q3: 0.2 | R3: 0.15
D4: profit | E4: =SUMIF($E8:$E500,E$2,$K:$K) -> -21.39 | F4: =SUMIF($E8:$E500,F$2,$K:$K) -> -16.68 | G4: =SUMIF($E8:$E500,G$2,$K:$K) -> 194.31 | H4: =SUMIF($E8:$E500,H$2,$K:$K) -> 57.6 | I4: =SUMIF($E8:$E500,I$2,$K:$K) -> 0 | S4: =SUM(S9:S601) -> 517.4 | T4: =SUM(T9:T601) -> 137802.63 | U4: =SUM(U9:U601) -> 0 | V4: =SUM(V9:V601) -> 0 | W4: =SUM(W9:W601) -> 0
D5: % win | E5: 66.666667 | F5: 50 | G5: 48.93617 | H5: 58.333333 | I5: 45.454545 | S5: =100*COUNTIF(S8:S100, ">0")/COUNT(S8:S100) -> 21.505376 | T5: =100*COUNTIF(T8:T100, ">0")/COUNT(T8:T100) -> 100 | U5: =100*COUNTIF(U8:U100, ">0")/COUNT(U8:U100) -> #DIV/0! | V5: =100*COUNTIF(V8:V100, ">0")/COUNT(V8:V100) -> #DIV/0! | W5: =100*COUNTIF(W8:W100, ">0")/COUNT(W8:W100) -> #DIV/0!
D6: count win | E6: 48 | F6: 34 | G6: 46 | H6: 28 | I6: 25 | Q6: =100* COUNTIF(Q9:Q500, "TRUE")/(COUNTIF(Q9:Q500, "FALSE")+COUNTIF(Q9:Q500, "TRUE")) -> 57.692308 | S6: =100* COUNTIF(S9:S500, ">0")/(COUNTIF(S9:S500, "<0")+COUNTIF(S9:S500, ">0")) -> 100
A7: open_date | B7: open_time | C7: close_date | D7: close_time | E7: market | F7: direction | G7: entry | H7: exit | I7: points | J7: size | K7: gbp | L7: winner | M7: account (wicks only) | N7: tradeable | Q7: winner | R7: cash session
A8: 46028 | B8: 09:45 | C8: 46028 | D8: 10:30 | E8: dax | F8: BUY | G8: 25046 | H8: 25034 | I8: -12 | J8: =HLOOKUP(E8, $E$2:$I$3, 2, 0) -> 0.37 | K8: -4.44 | L8: =IF($K8>0,TRUE()) -> FALSE | M8: =K1+K8 -> 395.56 | N8: =VLOOKUP(C8, Sheet2!$A$2:$E$166, 5) -> NO | O8: =IF(N8="YES", K8, 0) -> 0 | P8: =K1 -> 400 | Q8: =IF(O8=0, "N/A", IF(O8>0,TRUE())) -> N/A | R8: =AND(TIMEVALUE(B8)>=TIME(8,0,0), TIMEVALUE(B8)<=TIME(16,30,0)) -> TRUE | S8: =IF(AND(Q8=1, R8=1), O8, 0) -> 0 | T8: =K1 -> 400 | U8: =[1]eu_gate_values_2026!B178,'[2]trades-RSI-gradient-5min-250801-260820'!L2='[2]trades-RSI-gradient-5min-250801-260820'!L2='[2]trades-RSI-gradient-5min-250801-260820'!L2= -> #VALUE!
A9: 46028 | B9: 10:35 | C9: 46028 | D9: 12:25 | E9: dax | F9: BUY | G9: 25036 | H9: 25080 | I9: 44 | J9: =HLOOKUP(E9, $E$2:$I$3, 2, 0) -> 0.37 | K9: 16.28 | L9: =IF($K9>0,TRUE()) -> 1 | M9: =M8+K9 -> 411.84 | N9: =VLOOKUP(C9, Sheet2!$A$2:$E$166, 5) -> NO | O9: =IF(N9="YES", K9, 0) -> 0 | P9: =P8+O9 -> 400 | Q9: =IF(O9=0, "N/A", IF(O9>0,TRUE())) -> N/A | R9: =AND(TIMEVALUE(B9)>=TIME(8,0,0), TIMEVALUE(B9)<=TIME(16,30,0)) -> 1 | S9: =IF(AND(Q9=1, R9=1), O9, 0) -> 0 | T9: =T8+S9 -> 400
A10: 46029 | B10: 09:10 | C10: 46029 | D10: 10:30 | E10: ftse | F10: BUY | G10: 10052 | H10: 10058.5 | I10: 6.5 | J10: =HLOOKUP(E10, $E$2:$I$3, 2, 0) -> 0.8 | K10: 5.2 | L10: =IF($K10>0,TRUE()) -> 1 | M10: =M9+K10 -> 417.04 | N10: =VLOOKUP(C10, Sheet2!$A$2:$E$166, 5) -> NO | O10: =IF(N10="YES", K10, 0) -> 0 | P10: =P9+O10 -> 400 | Q10: =IF(O10=0, "N/A", IF(O10>0,TRUE())) -> N/A | R10: =AND(TIMEVALUE(B10)>=TIME(8,0,0), TIMEVALUE(B10)<=TIME(16,30,0)) -> 1 | S10: =IF(AND(Q10=1, R10=1), O10, 0) -> 0 | T10: =T9+S10 -> 400
A11: 46030 | B11: 04:30 | C11: 46030 | D11: 06:00 | E11: dax | F11: BUY | G11: 25219 | H11: 25222 | I11: 3 | J11: =HLOOKUP(E11, $E$2:$I$3, 2, 0) -> 0.37 | K11: 1.2 | L11: =IF($K11>0,TRUE()) -> 1 | M11: =M10+K11 -> 418.24 | N11: =VLOOKUP(C11, Sheet2!$A$2:$E$166, 5) -> YES | O11: =IF(N11="YES", K11, 0) -> 1.2 | P11: =P10+O11 -> 401.2 | Q11: =IF(O11=0, "N/A", IF(O11>0,TRUE())) -> TRUE | R11: =AND(TIMEVALUE(B11)>=TIME(8,0,0), TIMEVALUE(B11)<=TIME(16,30,0)) -> 0 | S11: =IF(AND(Q11=1, R11=1), O11, 0) -> 0 | T11: =T10+S11 -> 400
A12: 46030 | B12: 07:20 | C12: 46030 | D12: 08:15 | E12: dax | F12: BUY | G12: 25196 | H12: 25200 | I12: 4 | J12: =HLOOKUP(E12, $E$2:$I$3, 2, 0) -> 0.37 | K12: 1.6 | L12: =IF($K12>0,TRUE()) -> 1 | M12: =M11+K12 -> 419.84 | N12: =VLOOKUP(C12, Sheet2!$A$2:$E$166, 5) -> YES | O12: =IF(N12="YES", K12, 0) -> 1.6 | P12: =P11+O12 -> 402.8 | Q12: =IF(O12=0, "N/A", IF(O12>0,TRUE())) -> TRUE | R12: =AND(TIMEVALUE(B12)>=TIME(8,0,0), TIMEVALUE(B12)<=TIME(16,30,0)) -> 0 | S12: =IF(AND(Q12=1, R12=1), O12, 0) -> 0 | T12: =T11+S12 -> 400
A13: 46034 | B13: 10:00 | C13: 46034 | D13: 10:55 | E13: cac | F13: BUY | G13: 8350 | H13: 8361.5 | I13: 11.5 | J13: =HLOOKUP(E13, $E$2:$I$3, 2, 0) -> 1 | K13: 11.5 | L13: =IF($K13>0,TRUE()) -> 1 | M13: =M12+K13 -> 431.34 | N13: =VLOOKUP(C13, Sheet2!$A$2:$E$166, 5) -> YES | O13: =IF(N13="YES", K13, 0) -> 11.5 | P13: =P12+O13 -> 414.3 | Q13: =IF(O13=0, "N/A", IF(O13>0,TRUE())) -> TRUE | R13: =AND(TIMEVALUE(B13)>=TIME(8,0,0), TIMEVALUE(B13)<=TIME(16,30,0)) -> 1 | S13: =IF(AND(Q13=1, R13=1), O13, 0) -> 11.5 | T13: =T12+S13 -> 411.5
A14: 46035 | B14: 05:20 | C14: 46035 | D14: 06:25 | E14: cac | F14: BUY | G14: 8318 | H14: 8322.5 | I14: 4.5 | J14: =HLOOKUP(E14, $E$2:$I$3, 2, 0) -> 1 | K14: 4.95 | L14: =IF($K14>0,TRUE()) -> 1 | M14: =M13+K14 -> 436.29 | N14: =VLOOKUP(C14, Sheet2!$A$2:$E$166, 5) -> YES | O14: =IF(N14="YES", K14, 0) -> 4.95 | P14: =P13+O14 -> 419.25 | Q14: =IF(O14=0, "N/A", IF(O14>0,TRUE())) -> TRUE | R14: =AND(TIMEVALUE(B14)>=TIME(8,0,0), TIMEVALUE(B14)<=TIME(16,30,0)) -> 0 | S14: =IF(AND(Q14=1, R14=1), O14, 0) -> 0 | T14: =T13+S14 -> 411.5
A15: 46035 | B15: 10:25 | C15: 46035 | D15: 11:30 | E15: dax | F15: BUY | G15: 25547 | H15: 25568 | I15: 21 | J15: =HLOOKUP(E15, $E$2:$I$3, 2, 0) -> 0.37 | K15: 7.77 | L15: =IF($K15>0,TRUE()) -> 1 | M15: =M14+K15 -> 444.06 | N15: =VLOOKUP(C15, Sheet2!$A$2:$E$166, 5) -> YES | O15: =IF(N15="YES", K15, 0) -> 7.77 | P15: =P14+O15 -> 427.02 | Q15: =IF(O15=0, "N/A", IF(O15>0,TRUE())) -> TRUE | R15: =AND(TIMEVALUE(B15)>=TIME(8,0,0), TIMEVALUE(B15)<=TIME(16,30,0)) -> 1 | S15: =IF(AND(Q15=1, R15=1), O15, 0) -> 7.77 | T15: =T14+S15 -> 419.27
A16: 46036 | B16: 05:55 | C16: 46036 | D16: 10:35 | E16: cac | F16: BUY | G16: 8357.5 | H16: 8333 | I16: -24.5 | J16: =HLOOKUP(E16, $E$2:$I$3, 2, 0) -> 1 | K16: -26.95 | L16: =IF($K16>0,TRUE()) -> 0 | M16: =M15+K16 -> 417.11 | N16: =VLOOKUP(C16, Sheet2!$A$2:$E$166, 5) -> YES | O16: =IF(N16="YES", K16, 0) -> -26.95 | P16: =P15+O16 -> 400.07 | Q16: =IF(O16=0, "N/A", IF(O16>0,TRUE())) -> FALSE | R16: =AND(TIMEVALUE(B16)>=TIME(8,0,0), TIMEVALUE(B16)<=TIME(16,30,0)) -> 0 | S16: =IF(AND(Q16=1, R16=1), O16, 0) -> 0 | T16: =T15+S16 -> 419.27
A17: 46036 | B17: 10:40 | C17: 46036 | D17: 12:45 | E17: cac | F17: BUY | G17: 8332.5 | H17: 8331.5 | I17: -1 | J17: =HLOOKUP(E17, $E$2:$I$3, 2, 0) -> 1 | K17: -1 | L17: =IF($K17>0,TRUE()) -> 0 | M17: =M16+K17 -> 416.11 | N17: =VLOOKUP(C17, Sheet2!$A$2:$E$166, 5) -> YES | O17: =IF(N17="YES", K17, 0) -> -1 | P17: =P16+O17 -> 399.07 | Q17: =IF(O17=0, "N/A", IF(O17>0,TRUE())) -> FALSE | R17: =AND(TIMEVALUE(B17)>=TIME(8,0,0), TIMEVALUE(B17)<=TIME(16,30,0)) -> 1 | S17: =IF(AND(Q17=1, R17=1), O17, 0) -> 0 | T17: =T16+S17 -> 419.27
A18: 46037 | B18: 14:55 | C18: 46037 | D18: 19:45 | E18: ftse | F18: BUY | G18: 10229.5 | H18: 10236 | I18: 6.5 | J18: =HLOOKUP(E18, $E$2:$I$3, 2, 0) -> 0.8 | K18: 5.2 | L18: =IF($K18>0,TRUE()) -> 1 | M18: =M17+K18 -> 421.31 | N18: =VLOOKUP(C18, Sheet2!$A$2:$E$166, 5) -> YES | O18: =IF(N18="YES", K18, 0) -> 5.2 | P18: =P17+O18 -> 404.27 | Q18: =IF(O18=0, "N/A", IF(O18>0,TRUE())) -> TRUE | R18: =AND(TIMEVALUE(B18)>=TIME(8,0,0), TIMEVALUE(B18)<=TIME(16,30,0)) -> 1 | S18: =IF(AND(Q18=1, R18=1), O18, 0) -> 5.2 | T18: =T17+S18 -> 424.47
A19: 46038 | B19: 06:55 | C19: 46038 | D19: 07:20 | E19: dax | F19: BUY | G19: 25408 | H19: 25408 | I19: 0 | J19: =HLOOKUP(E19, $E$2:$I$3, 2, 0) -> 0.37 | K19: 0 | L19: =IF($K19>0,TRUE()) -> 0 | M19: =M18+K19 -> 421.31 | N19: =VLOOKUP(C19, Sheet2!$A$2:$E$166, 5) -> YES | O19: =IF(N19="YES", K19, 0) -> 0 | P19: =P18+O19 -> 404.27 | Q19: =IF(O19=0, "N/A", IF(O19>0,TRUE())) -> N/A | R19: =AND(TIMEVALUE(B19)>=TIME(8,0,0), TIMEVALUE(B19)<=TIME(16,30,0)) -> 0 | S19: =IF(AND(Q19=1, R19=1), O19, 0) -> 0 | T19: =T18+S19 -> 424.47
A20: 46038 | B20: 09:25 | C20: 46038 | D20: 09:50 | E20: dax | F20: BUY | G20: 25377 | H20: 25369 | I20: -8 | J20: =HLOOKUP(E20, $E$2:$I$3, 2, 0) -> 0.37 | K20: -2.96 | L20: =IF($K20>0,TRUE()) -> 0 | M20: =M19+K20 -> 418.35 | N20: =VLOOKUP(C20, Sheet2!$A$2:$E$166, 5) -> YES | O20: =IF(N20="YES", K20, 0) -> -2.96 | P20: =P19+O20 -> 401.31 | Q20: =IF(O20=0, "N/A", IF(O20>0,TRUE())) -> FALSE | R20: =AND(TIMEVALUE(B20)>=TIME(8,0,0), TIMEVALUE(B20)<=TIME(16,30,0)) -> 1 | S20: =IF(AND(Q20=1, R20=1), O20, 0) -> 0 | T20: =T19+S20 -> 424.47
... A209: 46252 | B209: 06:20 | C209: 46252 | D209: 07:20 | E209: ftse | F209: SELL | G209: 10736.6 | H209: 10732.7 | I209: 3.9 | J209: =HLOOKUP(E209, $E$2:$I$3, 2, 0) -> 0.8 | K209: 3.43 | L209: =IF($K209>0,TRUE()) -> 1 | M209: =M208+K209 -> 168.25 | N209: =VLOOKUP(C209, Sheet2!$A$2:$E$166, 5) -> NO | O209: =IF(N209="YES", K209, 0) -> 0 | P209: =P208+O209 -> 452.72 | Q209: =IF(O209=0, "N/A", IF(O209>0,TRUE())) -> N/A | R209: =AND(TIMEVALUE(B209)>=TIME(8,0,0), TIMEVALUE(B209)<=TIME(16,30,0)) -> 0 | S209: =IF(AND(Q209=1, R209=1), O209, 0) -> 0 | T209: =T208+S209 -> 917.4

Sheet Sheet2
A1: date | B1: same_day_gate | C1: lag_gate_score | D1: lag_days_available | E1: tradeable
A2: 46023 | B2: mixed | C2: 0 | D2: 0 | E2: NO
A3: 46024 | B3: mixed | C3: -3 | D3: 1 | E3: NO
A4: 46027 | B4: mixed | C4: -6 | D4: 2 | E4: NO
A5: 46028 | B5: mixed | C5: -9 | D5: 3 | E5: NO
A6: 46029 | B6: aligned | C6: -9 | D6: 3 | E6: NO
A7: 46030 | B7: aligned | C7: -5 | D7: 3 | E7: YES
A8: 46031 | B8: aligned | C8: -1 | D8: 3 | E8: YES
A9: 46034 | B9: aligned | C9: 3 | D9: 3 | E9: YES
A10: 46035 | B10: aligned | C10: 3 | D10: 3 | E10: YES
A11: 46036 | B11: aligned | C11: 3 | D11: 3 | E11: YES
A12: 46037 | B12: aligned | C12: 3 | D12: 3 | E12: YES
A13: 46038 | B13: aligned | C13: 3 | D13: 3 | E13: YES
... A166: 46253 | B166: mixed | C166: -9 | D166: 3 | E166: NO
